x,y,z
-200.00,-200.00,-1.78
-200.00,0.00,-1.15
-200.00,200.00,-0.51
-200.00,400.00,0.14
-200.00,600.00,0.79
-200.00,800.00,1.46
-200.00,1000.00,2.14
-200.00,1200.00,2.83
-200.00,1400.00,3.54
-200.00,1600.00,4.27
-200.00,1800.00,5.03
-200.00,2000.00,5.84
-200.00,2200.00,6.69
-200.00,2400.00,7.59
-200.00,2600.00,8.56
-200.00,2800.00,9.61
-200.00,3000.00,10.73
-200.00,3200.00,11.95
-200.00,3400.00,13.26
-200.00,3600.00,14.67
-200.00,3800.00,16.17
-200.00,4000.00,17.76
-200.00,4200.00,19.42
-200.00,4400.00,21.13
-200.00,4600.00,22.84
-200.00,4800.00,24.51
-200.00,5000.00,26.07
-200.00,5200.00,27.45
-200.00,5400.00,28.58
-200.00,5600.00,29.38
-200.00,5800.00,29.79
-200.00,6000.00,29.78
-200.00,6200.00,29.32
-200.00,6400.00,28.44
-200.00,6600.00,27.18
-200.00,6800.00,25.60
-200.00,7000.00,23.78
-200.00,7200.00,21.80
-200.00,7400.00,19.73
-200.00,7600.00,17.64
-200.00,7800.00,15.59
-200.00,8000.00,13.60
-200.00,8200.00,11.72
-200.00,8400.00,9.95
-200.00,8600.00,8.30
-200.00,8800.00,6.77
-200.00,9000.00,5.36
-200.00,9200.00,4.06
-200.00,9400.00,2.86
-200.00,9600.00,1.76
-200.00,9800.00,0.74
-200.00,10000.00,-0.20
0.00,-200.00,-0.71
0.00,0.00,0.00
0.00,200.00,0.72
0.00,400.00,1.45
0.00,600.00,2.19
0.00,800.00,2.94
0.00,1000.00,3.70
0.00,1200.00,4.47
0.00,1400.00,5.26
0.00,1600.00,6.08
0.00,1800.00,6.93
0.00,2000.00,7.84
0.00,2200.00,8.80
0.00,2400.00,9.84
0.00,2600.00,10.97
0.00,2800.00,12.20
0.00,3000.00,13.54
0.00,3200.00,15.01
0.00,3400.00,16.61
0.00,3600.00,18.37
0.00,3800.00,20.27
0.00,4000.00,22.32
0.00,4200.00,24.50
0.00,4400.00,26.79
0.00,4600.00,29.12
0.00,4800.00,31.45
0.00,5000.00,33.66
0.00,5200.00,35.66
0.00,5400.00,37.31
0.00,5600.00,38.52
0.00,5800.00,39.17
0.00,6000.00,39.21
0.00,6200.00,38.62
0.00,6400.00,37.41
0.00,6600.00,35.66
0.00,6800.00,33.47
0.00,7000.00,30.96
0.00,7200.00,28.26
0.00,7400.00,25.48
0.00,7600.00,22.70
0.00,7800.00,20.02
0.00,8000.00,17.47
0.00,8200.00,15.08
0.00,8400.00,12.88
0.00,8600.00,10.86
0.00,8800.00,9.01
0.00,9000.00,7.32
0.00,9200.00,5.79
0.00,9400.00,4.39
0.00,9600.00,3.12
0.00,9800.00,1.96
0.00,10000.00,0.89
200.00,-200.00,0.51
200.00,0.00,1.32
200.00,200.00,2.15
200.00,400.00,2.98
200.00,600.00,3.81
200.00,800.00,4.65
200.00,1000.00,5.50
200.00,1200.00,6.36
200.00,1400.00,7.24
200.00,1600.00,8.15
200.00,1800.00,9.11
200.00,2000.00,10.12
200.00,2200.00,11.22
200.00,2400.00,12.41
200.00,2600.00,13.72
200.00,2800.00,15.16
200.00,3000.00,16.76
200.00,3200.00,18.55
200.00,3400.00,20.53
200.00,3600.00,22.73
200.00,3800.00,25.16
200.00,4000.00,27.82
200.00,4200.00,30.72
200.00,4400.00,33.81
200.00,4600.00,37.05
200.00,4800.00,40.32
200.00,5000.00,43.50
200.00,5200.00,46.43
200.00,5400.00,48.90
200.00,5600.00,50.74
200.00,5800.00,51.78
200.00,6000.00,51.92
200.00,6200.00,51.12
200.00,6400.00,49.42
200.00,6600.00,46.94
200.00,6800.00,43.83
200.00,7000.00,40.30
200.00,7200.00,36.54
200.00,7400.00,32.72
200.00,7600.00,28.99
200.00,7800.00,25.43
200.00,8000.00,22.11
200.00,8200.00,19.06
200.00,8400.00,16.30
200.00,8600.00,13.80
200.00,8800.00,11.55
200.00,9000.00,9.54
200.00,9200.00,7.72
200.00,9400.00,6.09
200.00,9600.00,4.62
200.00,9800.00,3.29
200.00,10000.00,2.08
400.00,-200.00,1.92
400.00,0.00,2.86
400.00,200.00,3.80
400.00,400.00,4.76
400.00,600.00,5.71
400.00,800.00,6.66
400.00,1000.00,7.61
400.00,1200.00,8.57
400.00,1400.00,9.55
400.00,1600.00,10.56
400.00,1800.00,11.62
400.00,2000.00,12.76
400.00,2200.00,13.99
400.00,2400.00,15.36
400.00,2600.00,16.87
400.00,2800.00,18.58
400.00,3000.00,20.49
400.00,3200.00,22.66
400.00,3400.00,25.11
400.00,3600.00,27.88
400.00,3800.00,31.01
400.00,4000.00,34.50
400.00,4200.00,38.38
400.00,4400.00,42.62
400.00,4600.00,47.13
400.00,4800.00,51.81
400.00,5000.00,56.43
400.00,5200.00,60.76
400.00,5400.00,64.49
400.00,5600.00,67.31
400.00,5800.00,68.96
400.00,6000.00,69.27
400.00,6200.00,68.17
400.00,6400.00,65.73
400.00,6600.00,62.13
400.00,6800.00,57.66
400.00,7000.00,52.60
400.00,7200.00,47.28
400.00,7400.00,41.97
400.00,7600.00,36.85
400.00,7800.00,32.07
400.00,8000.00,27.71
400.00,8200.00,23.78
400.00,8400.00,20.29
400.00,8600.00,17.19
400.00,8800.00,14.45
400.00,9000.00,12.03
400.00,9200.00,9.88
400.00,9400.00,7.98
400.00,9600.00,6.27
400.00,9800.00,4.75
400.00,10000.00,3.37
600.00,-200.00,3.56
600.00,0.00,4.66
600.00,200.00,5.77
600.00,400.00,6.87
600.00,600.00,7.97
600.00,800.00,9.05
600.00,1000.00,10.12
600.00,1200.00,11.19
600.00,1400.00,12.27
600.00,1600.00,13.38
600.00,1800.00,14.55
600.00,2000.00,15.81
600.00,2200.00,17.20
600.00,2400.00,18.76
600.00,2600.00,20.52
600.00,2800.00,22.53
600.00,3000.00,24.82
600.00,3200.00,27.47
600.00,3400.00,30.51
600.00,3600.00,34.02
600.00,3800.00,38.05
600.00,4000.00,42.66
600.00,4200.00,47.88
600.00,4400.00,53.72
600.00,4600.00,60.08
600.00,4800.00,66.79
600.00,5000.00,73.55
600.00,5200.00,79.97
600.00,5400.00,85.56
600.00,5600.00,89.85
600.00,5800.00,92.42
600.00,6000.00,92.99
600.00,6200.00,91.46
600.00,6400.00,87.94
600.00,6600.00,82.71
600.00,6800.00,76.21
600.00,7000.00,68.91
600.00,7200.00,61.32
600.00,7400.00,53.83
600.00,7600.00,46.76
600.00,7800.00,40.28
600.00,8000.00,34.50
600.00,8200.00,29.40
600.00,8400.00,24.95
600.00,8600.00,21.09
600.00,8800.00,17.75
600.00,9000.00,14.83
600.00,9200.00,12.29
600.00,9400.00,10.06
600.00,9600.00,8.09
600.00,9800.00,6.34
600.00,10000.00,4.78
800.00,-200.00,5.52
800.00,0.00,6.82
800.00,200.00,8.13
800.00,400.00,9.43
800.00,600.00,10.71
800.00,800.00,11.95
800.00,1000.00,13.16
800.00,1200.00,14.35
800.00,1400.00,15.53
800.00,1600.00,16.74
800.00,1800.00,18.02
800.00,2000.00,19.40
800.00,2200.00,20.95
800.00,2400.00,22.72
800.00,2600.00,24.75
800.00,2800.00,27.11
800.00,3000.00,29.87
800.00,3200.00,33.10
800.00,3400.00,36.89
800.00,3600.00,41.33
800.00,3800.00,46.54
800.00,4000.00,52.64
800.00,4200.00,59.70
800.00,4400.00,67.76
800.00,4600.00,76.72
800.00,4800.00,86.33
800.00,5000.00,96.13
800.00,5200.00,105.50
800.00,5400.00,113.71
800.00,5600.00,120.02
800.00,5800.00,123.84
800.00,6000.00,124.77
800.00,6200.00,122.67
800.00,6400.00,117.69
800.00,6600.00,110.23
800.00,6800.00,100.90
800.00,7000.00,90.45
800.00,7200.00,79.62
800.00,7400.00,69.07
800.00,7600.00,59.25
800.00,7800.00,50.43
800.00,8000.00,42.72
800.00,8200.00,36.07
800.00,8400.00,30.41
800.00,8600.00,25.59
800.00,8800.00,21.49
800.00,9000.00,17.99
800.00,9200.00,14.98
800.00,9400.00,12.37
800.00,9600.00,10.10
800.00,9800.00,8.09
800.00,10000.00,6.32
1000.00,-200.00,7.87
1000.00,0.00,9.45
1000.00,200.00,11.03
1000.00,400.00,12.59
1000.00,600.00,14.11
1000.00,800.00,15.55
1000.00,1000.00,16.93
1000.00,1200.00,18.24
1000.00,1400.00,19.52
1000.00,1600.00,20.81
1000.00,1800.00,22.17
1000.00,2000.00,23.67
1000.00,2200.00,25.37
1000.00,2400.00,27.35
1000.00,2600.00,29.70
1000.00,2800.00,32.48
1000.00,3000.00,35.79
1000.00,3200.00,39.74
1000.00,3400.00,44.45
1000.00,3600.00,50.08
1000.00,3800.00,56.82
1000.00,4000.00,64.87
1000.00,4200.00,74.39
1000.00,4400.00,85.45
1000.00,4600.00,97.95
1000.00,4800.00,111.47
1000.00,5000.00,125.28
1000.00,5200.00,138.43
1000.00,5400.00,149.82
1000.00,5600.00,158.49
1000.00,5800.00,163.70
1000.00,6000.00,165.01
1000.00,6200.00,162.26
1000.00,6400.00,155.61
1000.00,6600.00,145.51
1000.00,6800.00,132.73
1000.00,7000.00,118.24
1000.00,7200.00,103.15
1000.00,7400.00,88.46
1000.00,7600.00,74.91
1000.00,7800.00,62.93
1000.00,8000.00,52.65
1000.00,8200.00,43.98
1000.00,8400.00,36.76
1000.00,8600.00,30.75
1000.00,8800.00,25.74
1000.00,9000.00,21.53
1000.00,9200.00,17.97
1000.00,9400.00,14.93
1000.00,9600.00,12.30
1000.00,9800.00,10.02
1000.00,10000.00,8.00
1200.00,-200.00,10.75
1200.00,0.00,12.71
1200.00,200.00,14.68
1200.00,400.00,16.60
1200.00,600.00,18.44
1200.00,800.00,20.15
1200.00,1000.00,21.73
1200.00,1200.00,23.17
1200.00,1400.00,24.52
1200.00,1600.00,25.86
1200.00,1800.00,27.25
1200.00,2000.00,28.81
1200.00,2200.00,30.64
1200.00,2400.00,32.84
1200.00,2600.00,35.52
1200.00,2800.00,38.79
1200.00,3000.00,42.76
1200.00,3200.00,47.58
1200.00,3400.00,53.44
1200.00,3600.00,60.56
1200.00,3800.00,69.24
1200.00,4000.00,79.80
1200.00,4200.00,92.50
1200.00,4400.00,107.47
1200.00,4600.00,124.47
1200.00,4800.00,142.79
1200.00,5000.00,161.23
1200.00,5200.00,178.34
1200.00,5400.00,192.76
1200.00,5600.00,203.42
1200.00,5800.00,209.67
1200.00,6000.00,211.19
1200.00,6200.00,207.87
1200.00,6400.00,199.83
1200.00,6600.00,187.38
1200.00,6800.00,171.21
1200.00,7000.00,152.39
1200.00,7200.00,132.34
1200.00,7400.00,112.54
1200.00,7600.00,94.23
1200.00,7800.00,78.14
1200.00,8000.00,64.53
1200.00,8200.00,53.28
1200.00,8400.00,44.11
1200.00,8600.00,36.64
1200.00,8800.00,30.53
1200.00,9000.00,25.50
1200.00,9200.00,21.30
1200.00,9400.00,17.76
1200.00,9600.00,14.74
1200.00,9800.00,12.13
1200.00,10000.00,9.84
1400.00,-200.00,14.36
1400.00,0.00,16.87
1400.00,200.00,19.39
1400.00,400.00,21.84
1400.00,600.00,24.14
1400.00,800.00,26.22
1400.00,1000.00,28.04
1400.00,1200.00,29.61
1400.00,1400.00,30.98
1400.00,1600.00,32.26
1400.00,1800.00,33.59
1400.00,2000.00,35.12
1400.00,2200.00,37.00
1400.00,2400.00,39.39
1400.00,2600.00,42.43
1400.00,2800.00,46.25
1400.00,3000.00,51.02
1400.00,3200.00,56.90
1400.00,3400.00,64.16
1400.00,3600.00,73.12
1400.00,3800.00,84.20
1400.00,4000.00,97.88
1400.00,4200.00,114.53
1400.00,4400.00,134.22
1400.00,4600.00,156.39
1400.00,4800.00,179.74
1400.00,5000.00,202.41
1400.00,5200.00,222.51
1400.00,5400.00,238.64
1400.00,5600.00,250.05
1400.00,5800.00,256.47
1400.00,6000.00,257.85
1400.00,6200.00,254.21
1400.00,6400.00,245.53
1400.00,6600.00,231.86
1400.00,6800.00,213.49
1400.00,7000.00,191.20
1400.00,7200.00,166.45
1400.00,7400.00,141.19
1400.00,7600.00,117.33
1400.00,7800.00,96.24
1400.00,8000.00,78.52
1400.00,8200.00,64.08
1400.00,8400.00,52.53
1400.00,8600.00,43.30
1400.00,8800.00,35.91
1400.00,9000.00,29.92
1400.00,9200.00,25.00
1400.00,9400.00,20.90
1400.00,9600.00,17.43
1400.00,9800.00,14.45
1400.00,10000.00,11.87
1600.00,-200.00,18.96
1600.00,0.00,22.29
1600.00,200.00,25.65
1600.00,400.00,28.92
1600.00,600.00,31.92
1600.00,800.00,34.54
1600.00,1000.00,36.68
1600.00,1200.00,38.34
1600.00,1400.00,39.61
1600.00,1600.00,40.66
1600.00,1800.00,41.71
1600.00,2000.00,43.01
1600.00,2200.00,44.81
1600.00,2400.00,47.30
1600.00,2600.00,50.69
1600.00,2800.00,55.14
1600.00,3000.00,60.84
1600.00,3200.00,68.02
1600.00,3400.00,76.97
1600.00,3600.00,88.14
1600.00,3800.00,102.10
1600.00,4000.00,119.48
1600.00,4200.00,140.69
1600.00,4400.00,165.55
1600.00,4600.00,192.83
1600.00,4800.00,220.33
1600.00,5000.00,245.53
1600.00,5200.00,266.53
1600.00,5400.00,282.40
1600.00,5600.00,293.03
1600.00,5800.00,298.65
1600.00,6000.00,299.54
1600.00,6200.00,295.80
1600.00,6400.00,287.30
1600.00,6600.00,273.78
1600.00,6800.00,255.01
1600.00,7000.00,231.16
1600.00,7200.00,203.21
1600.00,7400.00,173.20
1600.00,7600.00,143.73
1600.00,7800.00,117.11
1600.00,8000.00,94.60
1600.00,8200.00,76.41
1600.00,8400.00,62.05
1600.00,8600.00,50.79
1600.00,8800.00,41.92
1600.00,9000.00,34.85
1600.00,9200.00,29.11
1600.00,9400.00,24.38
1600.00,9600.00,20.41
1600.00,9800.00,17.03
1600.00,10000.00,14.11
1800.00,-200.00,24.98
1800.00,0.00,29.56
1800.00,200.00,34.26
1800.00,400.00,38.84
1800.00,600.00,43.00
1800.00,800.00,46.47
1800.00,1000.00,49.06
1800.00,1200.00,50.73
1800.00,1400.00,51.64
1800.00,1600.00,52.07
1800.00,1800.00,52.43
1800.00,2000.00,53.13
1800.00,2200.00,54.53
1800.00,2400.00,56.96
1800.00,2600.00,60.64
1800.00,2800.00,65.79
1800.00,3000.00,72.59
1800.00,3200.00,81.29
1800.00,3400.00,92.26
1800.00,3600.00,106.02
1800.00,3800.00,123.29
1800.00,4000.00,144.81
1800.00,4200.00,170.87
1800.00,4400.00,200.68
1800.00,4600.00,231.99
1800.00,4800.00,261.66
1800.00,5000.00,287.01
1800.00,5200.00,306.68
1800.00,5400.00,320.62
1800.00,5600.00,329.39
1800.00,5800.00,333.63
1800.00,6000.00,333.79
1800.00,6200.00,330.02
1800.00,6400.00,322.12
1800.00,6600.00,309.62
1800.00,6800.00,291.90
1800.00,7000.00,268.45
1800.00,7200.00,239.46
1800.00,7400.00,206.43
1800.00,7600.00,172.23
1800.00,7800.00,140.14
1800.00,8000.00,112.52
1800.00,8200.00,90.15
1800.00,8400.00,72.64
1800.00,8600.00,59.11
1800.00,8800.00,48.61
1800.00,9000.00,40.33
1800.00,9200.00,33.70
1800.00,9400.00,28.27
1800.00,9600.00,23.75
1800.00,9800.00,19.91
1800.00,10000.00,16.61
2000.00,-200.00,33.02
2000.00,0.00,39.61
2000.00,200.00,46.53
2000.00,400.00,53.33
2000.00,600.00,59.48
2000.00,800.00,64.39
2000.00,1000.00,67.66
2000.00,1200.00,69.17
2000.00,1400.00,69.17
2000.00,1600.00,68.23
2000.00,1800.00,67.07
2000.00,2000.00,66.42
2000.00,2200.00,66.87
2000.00,2400.00,68.86
2000.00,2600.00,72.69
2000.00,2800.00,78.55
2000.00,3000.00,86.62
2000.00,3200.00,97.11
2000.00,3400.00,110.38
2000.00,3600.00,127.05
2000.00,3800.00,147.92
2000.00,4000.00,173.74
2000.00,4200.00,204.42
2000.00,4400.00,238.23
2000.00,4600.00,271.76
2000.00,4800.00,301.31
2000.00,5000.00,324.69
2000.00,5200.00,341.53
2000.00,5400.00,352.65
2000.00,5600.00,359.11
2000.00,5800.00,361.77
2000.00,6000.00,361.09
2000.00,6200.00,357.20
2000.00,6400.00,349.89
2000.00,6600.00,338.62
2000.00,6800.00,322.54
2000.00,7000.00,300.70
2000.00,7200.00,272.47
2000.00,7400.00,238.44
2000.00,7600.00,201.11
2000.00,7800.00,164.36
2000.00,8000.00,131.78
2000.00,8200.00,105.09
2000.00,8400.00,84.26
2000.00,8600.00,68.29
2000.00,8800.00,56.03
2000.00,9000.00,46.47
2000.00,9200.00,38.86
2000.00,9400.00,32.66
2000.00,9600.00,27.52
2000.00,9800.00,23.16
2000.00,10000.00,19.42
2200.00,-200.00,43.99
2200.00,0.00,53.87
2200.00,200.00,64.57
2200.00,400.00,75.32
2200.00,600.00,85.04
2200.00,800.00,92.55
2200.00,1000.00,96.93
2200.00,1200.00,97.89
2200.00,1400.00,95.90
2200.00,1600.00,92.07
2200.00,1800.00,87.79
2200.00,2000.00,84.36
2200.00,2200.00,82.77
2200.00,2400.00,83.63
2200.00,2600.00,87.27
2200.00,2800.00,93.78
2200.00,3000.00,103.22
2200.00,3200.00,115.68
2200.00,3400.00,131.45
2200.00,3600.00,151.14
2200.00,3800.00,175.64
2200.00,4000.00,205.54
2200.00,4200.00,240.15
2200.00,4400.00,276.59
2200.00,4600.00,310.46
2200.00,4800.00,338.11
2200.00,5000.00,358.25
2200.00,5200.00,371.60
2200.00,5400.00,379.63
2200.00,5600.00,383.73
2200.00,5800.00,384.77
2200.00,6000.00,383.20
2200.00,6200.00,379.05
2200.00,6400.00,372.11
2200.00,6600.00,361.86
2200.00,6800.00,347.40
2200.00,7000.00,327.51
2200.00,7200.00,301.00
2200.00,7400.00,267.53
2200.00,7600.00,228.76
2200.00,7800.00,188.65
2200.00,8000.00,151.75
2200.00,8200.00,120.97
2200.00,8400.00,96.83
2200.00,8600.00,78.40
2200.00,8800.00,64.33
2200.00,9000.00,53.41
2200.00,9200.00,44.74
2200.00,9400.00,37.69
2200.00,9600.00,31.84
2200.00,9800.00,26.88
2200.00,10000.00,22.62
2400.00,-200.00,59.16
2400.00,0.00,74.50
2400.00,200.00,91.75
2400.00,400.00,109.53
2400.00,600.00,125.70
2400.00,800.00,137.85
2400.00,1000.00,144.09
2400.00,1200.00,143.78
2400.00,1400.00,137.81
2400.00,1600.00,128.29
2400.00,1800.00,117.91
2400.00,2000.00,109.11
2400.00,2200.00,103.53
2400.00,2400.00,102.02
2400.00,2600.00,104.79
2400.00,2800.00,111.68
2400.00,3000.00,122.41
2400.00,3200.00,136.78
2400.00,3400.00,154.93
2400.00,3600.00,177.43
2400.00,3800.00,205.16
2400.00,4000.00,238.54
2400.00,4200.00,276.13
2400.00,4400.00,313.91
2400.00,4600.00,346.86
2400.00,4800.00,371.76
2400.00,5000.00,388.32
2400.00,5200.00,398.10
2400.00,5400.00,403.10
2400.00,5600.00,404.92
2400.00,5800.00,404.45
2400.00,6000.00,401.97
2400.00,6200.00,397.40
2400.00,6400.00,390.55
2400.00,6600.00,381.00
2400.00,6800.00,367.86
2400.00,7000.00,349.80
2400.00,7200.00,325.25
2400.00,7400.00,293.16
2400.00,7600.00,254.28
2400.00,7800.00,212.14
2400.00,8000.00,171.92
2400.00,8200.00,137.61
2400.00,8400.00,110.44
2400.00,8600.00,89.64
2400.00,8800.00,73.76
2400.00,9000.00,61.42
2400.00,9200.00,51.60
2400.00,9400.00,43.58
2400.00,9600.00,36.89
2400.00,9800.00,31.22
2400.00,10000.00,26.34
2600.00,-200.00,80.19
2600.00,0.00,104.44
2600.00,200.00,132.63
2600.00,400.00,162.12
2600.00,600.00,188.74
2600.00,800.00,208.10
2600.00,1000.00,217.09
2600.00,1200.00,214.68
2600.00,1400.00,202.18
2600.00,1600.00,183.04
2600.00,1800.00,161.99
2600.00,2000.00,143.56
2600.00,2200.00,130.77
2600.00,2400.00,124.79
2600.00,2600.00,125.49
2600.00,2800.00,132.09
2600.00,3000.00,143.66
2600.00,3200.00,159.49
2600.00,3400.00,179.42
2600.00,3600.00,204.00
2600.00,3800.00,234.14
2600.00,4000.00,270.06
2600.00,4200.00,309.64
2600.00,4400.00,347.97
2600.00,4600.00,379.68
2600.00,4800.00,402.01
2600.00,5000.00,415.38
2600.00,5200.00,421.96
2600.00,5400.00,424.19
2600.00,5600.00,423.93
2600.00,5800.00,422.16
2600.00,6000.00,418.89
2600.00,6200.00,413.72
2600.00,6400.00,406.67
2600.00,6600.00,397.55
2600.00,6800.00,385.50
2600.00,7000.00,369.04
2600.00,7200.00,346.37
2600.00,7400.00,315.93
2600.00,7600.00,277.72
2600.00,7800.00,234.70
2600.00,8000.00,192.25
2600.00,8200.00,155.20
2600.00,8400.00,125.47
2600.00,8600.00,102.51
2600.00,8800.00,84.85
2600.00,9000.00,71.00
2600.00,9200.00,59.86
2600.00,9400.00,50.69
2600.00,9600.00,42.97
2600.00,9800.00,36.40
2600.00,10000.00,30.73
2800.00,-200.00,108.80
2800.00,0.00,146.61
2800.00,200.00,190.95
2800.00,400.00,236.25
2800.00,600.00,275.17
2800.00,800.00,301.87
2800.00,1000.00,313.40
2800.00,1200.00,309.09
2800.00,1400.00,289.99
2800.00,1600.00,259.41
2800.00,1800.00,223.66
2800.00,2000.00,190.52
2800.00,2200.00,166.03
2800.00,2400.00,152.48
2800.00,2600.00,149.24
2800.00,2800.00,154.38
2800.00,3000.00,165.84
2800.00,3200.00,182.15
2800.00,3400.00,202.80
2800.00,3600.00,228.33
2800.00,3800.00,259.73
2800.00,4000.00,297.09
2800.00,4200.00,337.81
2800.00,4400.00,376.41
2800.00,4600.00,407.32
2800.00,4800.00,428.01
2800.00,5000.00,439.20
2800.00,5200.00,443.35
2800.00,5400.00,443.26
2800.00,5600.00,441.24
2800.00,5800.00,438.62
2800.00,6000.00,435.03
2800.00,6200.00,428.94
2800.00,6400.00,421.45
2800.00,6600.00,412.76
2800.00,6800.00,401.78
2800.00,7000.00,386.89
2800.00,7200.00,366.03
2800.00,7400.00,337.31
2800.00,7600.00,300.18
2800.00,7800.00,257.13
2800.00,8000.00,213.52
2800.00,8200.00,174.64
2800.00,8400.00,142.91
2800.00,8600.00,118.03
2800.00,8800.00,98.54
2800.00,9000.00,82.97
2800.00,9200.00,70.22
2800.00,9400.00,59.56
2800.00,9600.00,50.50
2800.00,9800.00,42.73
2800.00,10000.00,36.03
3000.00,-200.00,145.68
3000.00,0.00,201.30
3000.00,200.00,263.96
3000.00,400.00,322.83
3000.00,600.00,368.60
3000.00,800.00,397.56
3000.00,1000.00,409.66
3000.00,1200.00,405.42
3000.00,1400.00,384.77
3000.00,1600.00,348.23
3000.00,1800.00,300.05
3000.00,2000.00,250.09
3000.00,2200.00,209.72
3000.00,2400.00,184.93
3000.00,2600.00,175.31
3000.00,2800.00,177.35
3000.00,3000.00,187.37
3000.00,3200.00,202.90
3000.00,3400.00,223.06
3000.00,3600.00,248.34
3000.00,3800.00,279.80
3000.00,4000.00,317.47
3000.00,4200.00,358.59
3000.00,4400.00,397.42
3000.00,4600.00,428.28
3000.00,4800.00,448.56
3000.00,5000.00,458.90
3000.00,5200.00,461.71
3000.00,5400.00,459.98
3000.00,5600.00,456.46
3000.00,5800.00,453.17
3000.00,6000.00,451.20
3000.00,6200.00,442.85
3000.00,6400.00,435.38
3000.00,6600.00,427.67
3000.00,6800.00,418.25
3000.00,7000.00,405.25
3000.00,7200.00,386.43
3000.00,7400.00,359.61
3000.00,7600.00,323.95
3000.00,7800.00,281.60
3000.00,8000.00,237.82
3000.00,8200.00,198.02
3000.00,8400.00,164.82
3000.00,8600.00,138.09
3000.00,8800.00,116.51
3000.00,9000.00,98.74
3000.00,9200.00,83.80
3000.00,9400.00,71.06
3000.00,9600.00,60.12
3000.00,9800.00,50.69
3000.00,10000.00,42.57
3200.00,-200.00,188.84
3200.00,0.00,262.76
3200.00,200.00,338.63
3200.00,400.00,401.56
3200.00,600.00,445.39
3200.00,800.00,471.45
3200.00,1000.00,482.52
3200.00,1200.00,479.92
3200.00,1400.00,462.85
3200.00,1600.00,429.09
3200.00,1800.00,377.96
3200.00,2000.00,316.25
3200.00,2200.00,259.42
3200.00,2400.00,220.65
3200.00,2600.00,202.24
3200.00,2800.00,199.44
3200.00,3000.00,206.67
3200.00,3200.00,220.30
3200.00,3400.00,238.97
3200.00,3600.00,263.05
3200.00,3800.00,293.53
3200.00,4000.00,330.48
3200.00,4200.00,371.23
3200.00,4400.00,410.21
3200.00,4600.00,441.65
3200.00,4800.00,462.63
3200.00,5000.00,473.41
3200.00,5200.00,476.09
3200.00,5400.00,473.60
3200.00,5600.00,468.94
3200.00,5800.00,464.31
3200.00,6000.00,459.94
3200.00,6200.00,454.50
3200.00,6400.00,449.05
3200.00,6600.00,443.58
3200.00,6800.00,436.75
3200.00,7000.00,426.56
3200.00,7200.00,410.55
3200.00,7400.00,386.31
3200.00,7600.00,352.81
3200.00,7800.00,312.08
3200.00,8000.00,269.18
3200.00,8200.00,229.28
3200.00,8400.00,194.90
3200.00,8600.00,166.02
3200.00,8800.00,141.59
3200.00,9000.00,120.60
3200.00,9200.00,102.38
3200.00,9400.00,86.53
3200.00,9600.00,72.79
3200.00,9800.00,60.94
3200.00,10000.00,50.80
3400.00,-200.00,232.67
3400.00,0.00,320.11
3400.00,200.00,400.00
3400.00,400.00,459.01
3400.00,600.00,497.21
3400.00,800.00,519.47
3400.00,1000.00,529.45
3400.00,1200.00,528.47
3400.00,1400.00,515.80
3400.00,1600.00,488.44
3400.00,1800.00,442.21
3400.00,2000.00,377.78
3400.00,2200.00,309.05
3400.00,2400.00,256.29
3400.00,2600.00,227.79
3400.00,2800.00,218.99
3400.00,3000.00,222.55
3400.00,3200.00,233.61
3400.00,3400.00,250.24
3400.00,3600.00,272.51
3400.00,3800.00,301.24
3400.00,4000.00,336.52
3400.00,4200.00,376.06
3400.00,4400.00,414.81
3400.00,4600.00,447.11
3400.00,4800.00,469.59
3400.00,5000.00,481.87
3400.00,5200.00,485.58
3400.00,5400.00,483.42
3400.00,5600.00,478.49
3400.00,5800.00,473.34
3400.00,6000.00,469.16
3400.00,6200.00,466.06
3400.00,6400.00,463.98
3400.00,6600.00,462.39
3400.00,6800.00,459.86
3400.00,7000.00,454.19
3400.00,7200.00,442.61
3400.00,7400.00,422.43
3400.00,7600.00,392.51
3400.00,7800.00,354.80
3400.00,8000.00,314.01
3400.00,8200.00,274.70
3400.00,8400.00,239.00
3400.00,8600.00,207.03
3400.00,8800.00,178.20
3400.00,9000.00,152.14
3400.00,9200.00,128.72
3400.00,9400.00,107.98
3400.00,9600.00,89.91
3400.00,9800.00,74.43
3400.00,10000.00,61.34
3600.00,-200.00,269.76
3600.00,0.00,363.95
3600.00,200.00,441.83
3600.00,400.00,495.16
3600.00,600.00,528.75
3600.00,800.00,548.79
3600.00,1000.00,558.37
3600.00,1200.00,558.22
3600.00,1400.00,548.26
3600.00,1600.00,526.11
3600.00,1800.00,486.36
3600.00,2000.00,424.96
3600.00,2200.00,350.72
3600.00,2400.00,287.03
3600.00,2600.00,249.15
3600.00,2800.00,234.38
3600.00,3000.00,234.21
3600.00,3200.00,242.62
3600.00,3400.00,257.07
3600.00,3600.00,277.28
3600.00,3800.00,303.82
3600.00,4000.00,336.67
3600.00,4200.00,373.95
3600.00,4400.00,411.66
3600.00,4600.00,444.65
3600.00,4800.00,469.01
3600.00,5000.00,483.58
3600.00,5200.00,489.35
3600.00,5400.00,488.72
3600.00,5600.00,484.87
3600.00,5800.00,480.87
3600.00,6000.00,478.73
3600.00,6200.00,479.18
3600.00,6400.00,482.10
3600.00,6600.00,486.61
3600.00,6800.00,491.00
3600.00,7000.00,492.58
3600.00,7200.00,488.03
3600.00,7400.00,474.26
3600.00,7600.00,450.02
3600.00,7800.00,417.19
3600.00,8000.00,379.91
3600.00,8200.00,341.76
3600.00,8400.00,304.33
3600.00,8600.00,267.82
3600.00,8800.00,232.32
3600.00,9000.00,198.34
3600.00,9200.00,166.73
3600.00,9400.00,138.29
3600.00,9600.00,113.51
3600.00,9800.00,92.49
3600.00,10000.00,75.03
3800.00,-200.00,294.16
3800.00,0.00,390.46
3800.00,200.00,465.31
3800.00,400.00,514.74
3800.00,600.00,546.05
3800.00,800.00,565.99
3800.00,1000.00,576.50
3800.00,1200.00,575.72
3800.00,1400.00,566.20
3800.00,1600.00,546.74
3800.00,1800.00,511.40
3800.00,2000.00,453.71
3800.00,2200.00,378.11
3800.00,2400.00,307.98
3800.00,2600.00,263.49
3800.00,2800.00,244.23
3800.00,3000.00,241.13
3800.00,3200.00,247.35
3800.00,3400.00,259.84
3800.00,3600.00,277.99
3800.00,3800.00,302.25
3800.00,4000.00,332.29
3800.00,4200.00,365.95
3800.00,4400.00,401.33
3800.00,4600.00,434.30
3800.00,4800.00,460.52
3800.00,5000.00,477.84
3800.00,5200.00,486.52
3800.00,5400.00,488.62
3800.00,5600.00,487.42
3800.00,5800.00,486.46
3800.00,6000.00,488.44
3800.00,6200.00,494.70
3800.00,6400.00,505.28
3800.00,6600.00,519.12
3800.00,6800.00,533.89
3800.00,7000.00,545.97
3800.00,7200.00,551.05
3800.00,7400.00,545.58
3800.00,7600.00,528.47
3800.00,7800.00,501.80
3800.00,8000.00,469.11
3800.00,8200.00,432.96
3800.00,8400.00,394.15
3800.00,8600.00,352.67
3800.00,8800.00,308.94
3800.00,9000.00,264.35
3800.00,9200.00,221.01
3800.00,9400.00,181.11
3800.00,9600.00,146.18
3800.00,9800.00,116.85
3800.00,10000.00,92.93
4000.00,-200.00,302.82
4000.00,0.00,399.46
4000.00,200.00,473.07
4000.00,400.00,521.23
4000.00,600.00,552.02
4000.00,800.00,572.82
4000.00,1000.00,588.28
4000.00,1200.00,582.70
4000.00,1400.00,572.49
4000.00,1600.00,553.73
4000.00,1800.00,519.87
4000.00,2000.00,463.66
4000.00,2200.00,387.96
4000.00,2400.00,315.71
4000.00,2600.00,268.73
4000.00,2800.00,247.60
4000.00,3000.00,243.06
4000.00,3200.00,247.92
4000.00,3400.00,258.81
4000.00,3600.00,274.92
4000.00,3800.00,296.71
4000.00,4000.00,324.91
4000.00,4200.00,352.63
4000.00,4400.00,384.49
4000.00,4600.00,416.37
4000.00,4800.00,443.81
4000.00,5000.00,463.90
4000.00,5200.00,476.06
4000.00,5400.00,482.00
4000.00,5600.00,485.06
4000.00,5800.00,489.29
4000.00,6000.00,498.03
4000.00,6200.00,513.21
4000.00,6400.00,535.06
4000.00,6600.00,561.95
4000.00,6800.00,590.12
4000.00,7000.00,614.08
4000.00,7200.00,628.35
4000.00,7400.00,629.61
4000.00,7600.00,618.05
4000.00,7800.00,596.63
4000.00,8000.00,568.70
4000.00,8200.00,535.96
4000.00,8400.00,498.31
4000.00,8600.00,454.90
4000.00,8800.00,405.39
4000.00,9000.00,350.90
4000.00,9200.00,294.33
4000.00,9400.00,239.72
4000.00,9600.00,190.74
4000.00,9800.00,149.48
4000.00,10000.00,116.31
4200.00,-200.00,294.91
4200.00,0.00,391.27
4200.00,200.00,466.20
4200.00,400.00,515.71
4200.00,600.00,547.10
4200.00,800.00,567.13
4200.00,1000.00,577.72
4200.00,1200.00,577.02
4200.00,1400.00,567.57
4200.00,1600.00,548.15
4200.00,1800.00,512.83
4200.00,2000.00,455.10
4200.00,2200.00,379.40
4200.00,2400.00,309.05
4200.00,2600.00,264.15
4200.00,2800.00,244.22
4200.00,3000.00,240.03
4200.00,3200.00,244.51
4200.00,3400.00,254.30
4200.00,3600.00,268.37
4200.00,3800.00,286.75
4200.00,4000.00,309.10
4200.00,4200.00,334.23
4200.00,4400.00,362.42
4200.00,4600.00,391.91
4200.00,4800.00,419.22
4200.00,5000.00,441.29
4200.00,5200.00,456.98
4200.00,5400.00,467.60
4200.00,5600.00,476.56
4200.00,5800.00,488.35
4200.00,6000.00,506.94
4200.00,6200.00,534.71
4200.00,6400.00,571.48
4200.00,6600.00,613.71
4200.00,6800.00,654.65
4200.00,7000.00,686.66
4200.00,7200.00,704.51
4200.00,7400.00,707.20
4200.00,7600.00,697.41
4200.00,7800.00,679.15
4200.00,8000.00,655.50
4200.00,8200.00,627.53
4200.00,8400.00,594.49
4200.00,8600.00,554.65
4200.00,8800.00,506.19
4200.00,9000.00,448.37
4200.00,9200.00,382.81
4200.00,9400.00,314.18
4200.00,9600.00,248.85
4200.00,9800.00,192.14
4200.00,10000.00,146.37
4400.00,-200.00,271.25
4400.00,0.00,365.58
4400.00,200.00,443.62
4400.00,400.00,497.11
4400.00,600.00,530.86
4400.00,800.00,551.08
4400.00,1000.00,560.83
4400.00,1200.00,560.84
4400.00,1400.00,551.03
4400.00,1600.00,528.98
4400.00,1800.00,489.28
4400.00,2000.00,427.84
4400.00,2200.00,353.40
4400.00,2400.00,289.30
4400.00,2600.00,250.65
4400.00,2800.00,234.60
4400.00,3000.00,232.33
4400.00,3200.00,237.41
4400.00,3400.00,246.68
4400.00,3600.00,259.04
4400.00,3800.00,274.33
4400.00,4000.00,292.50
4400.00,4200.00,313.52
4400.00,4400.00,337.35
4400.00,4600.00,363.01
4400.00,4800.00,388.26
4400.00,5000.00,410.68
4400.00,5200.00,429.11
4400.00,5400.00,444.69
4400.00,5600.00,460.93
4400.00,5800.00,482.68
4400.00,6000.00,514.33
4400.00,6200.00,558.01
4400.00,6400.00,611.41
4400.00,6600.00,666.98
4400.00,6800.00,714.60
4400.00,7000.00,746.85
4400.00,7200.00,761.83
4400.00,7400.00,762.14
4400.00,7600.00,752.27
4400.00,7800.00,736.28
4400.00,8000.00,716.60
4400.00,8200.00,693.76
4400.00,8400.00,666.85
4400.00,8600.00,633.89
4400.00,8800.00,592.27
4400.00,9000.00,539.34
4400.00,9200.00,473.83
4400.00,9400.00,397.98
4400.00,9600.00,318.69
4400.00,9800.00,245.11
4400.00,10000.00,183.82
4600.00,-200.00,234.92
4600.00,0.00,322.58
4600.00,200.00,402.70
4600.00,400.00,461.97
4600.00,600.00,500.42
4600.00,800.00,522.95
4600.00,1000.00,533.20
4600.00,1200.00,532.49
4600.00,1400.00,520.06
4600.00,1600.00,492.89
4600.00,1800.00,446.76
4600.00,2000.00,382.30
4600.00,2200.00,313.34
4600.00,2400.00,260.03
4600.00,2600.00,230.49
4600.00,2800.00,219.90
4600.00,3000.00,220.54
4600.00,3200.00,226.93
4600.00,3400.00,236.28
4600.00,3600.00,247.56
4600.00,3800.00,260.57
4600.00,4000.00,275.44
4600.00,4200.00,292.36
4600.00,4400.00,311.45
4600.00,4600.00,332.28
4600.00,4800.00,353.75
4600.00,5000.00,374.55
4600.00,5200.00,394.23
4600.00,5400.00,414.34
4600.00,5600.00,438.67
4600.00,5800.00,472.32
4600.00,6000.00,519.54
4600.00,6200.00,580.55
4600.00,6400.00,648.45
4600.00,6600.00,710.89
4600.00,6800.00,757.40
4600.00,7000.00,784.53
4600.00,7200.00,794.76
4600.00,7400.00,792.92
4600.00,7600.00,783.63
4600.00,7800.00,770.19
4600.00,8000.00,754.24
4600.00,8200.00,736.04
4600.00,8400.00,714.74
4600.00,8600.00,688.67
4600.00,8800.00,655.26
4600.00,9000.00,611.21
4600.00,9200.00,553.09
4600.00,9400.00,479.32
4600.00,9600.00,393.56
4600.00,9800.00,305.91
4600.00,10000.00,228.14
4800.00,-200.00,191.87
4800.00,0.00,266.09
4800.00,200.00,342.28
4800.00,400.00,405.55
4800.00,600.00,449.75
4800.00,800.00,476.19
4800.00,1000.00,487.65
4800.00,1200.00,485.43
4800.00,1400.00,468.72
4800.00,1600.00,435.26
4800.00,1800.00,384.33
4800.00,2000.00,322.67
4800.00,2200.00,265.63
4800.00,2400.00,226.27
4800.00,2600.00,206.66
4800.00,2800.00,201.74
4800.00,3000.00,205.46
4800.00,3200.00,213.43
4800.00,3400.00,223.30
4800.00,3600.00,234.07
4800.00,3800.00,245.55
4800.00,4000.00,257.86
4800.00,4200.00,271.25
4800.00,4400.00,285.93
4800.00,4600.00,301.87
4800.00,4800.00,318.86
4800.00,5000.00,336.79
4800.00,5200.00,356.45
4800.00,5400.00,380.37
4800.00,5600.00,412.95
4800.00,5800.00,459.50
4800.00,6000.00,523.11
4800.00,6200.00,599.76
4800.00,6400.00,676.53
4800.00,6600.00,738.89
4800.00,6800.00,780.14
4800.00,7000.00,801.80
4800.00,7200.00,808.98
4800.00,7400.00,806.84
4800.00,7600.00,799.25
4800.00,7800.00,788.61
4800.00,8000.00,776.01
4800.00,8200.00,761.59
4800.00,8400.00,744.72
4800.00,8600.00,724.08
4800.00,8800.00,697.59
4800.00,9000.00,662.14
4800.00,9200.00,613.64
4800.00,9400.00,547.95
4800.00,9600.00,464.13
4800.00,9800.00,369.03
4800.00,10000.00,276.93
5000.00,-200.00,149.50
5000.00,0.00,205.51
5000.00,200.00,268.59
5000.00,400.00,327.91
5000.00,600.00,374.17
5000.00,800.00,403.64
5000.00,1000.00,416.27
5000.00,1200.00,412.56
5000.00,1400.00,392.42
5000.00,1600.00,356.35
5000.00,1800.00,308.52
5000.00,2000.00,258.75
5000.00,2200.00,218.28
5000.00,2400.00,192.96
5000.00,2600.00,182.13
5000.00,2800.00,181.93
5000.00,3000.00,188.14
5000.00,3200.00,197.48
5000.00,3400.00,207.94
5000.00,3600.00,218.54
5000.00,3800.00,229.03
5000.00,4000.00,239.46
5000.00,4200.00,250.08
5000.00,4400.00,261.14
5000.00,4600.00,272.95
5000.00,4800.00,285.97
5000.00,5000.00,301.19
5000.00,5200.00,320.68
5000.00,5400.00,348.15
5000.00,5600.00,388.93
5000.00,5800.00,448.31
5000.00,6000.00,526.90
5000.00,6200.00,614.75
5000.00,6400.00,694.17
5000.00,6600.00,752.52
5000.00,6800.00,788.33
5000.00,7000.00,806.43
5000.00,7200.00,812.64
5000.00,7400.00,811.52
5000.00,7600.00,806.09
5000.00,7800.00,798.10
5000.00,8000.00,788.32
5000.00,8200.00,776.84
5000.00,8400.00,763.22
5000.00,8600.00,746.51
5000.00,8800.00,725.08
5000.00,9000.00,696.32
5000.00,9200.00,656.33
5000.00,9400.00,600.06
5000.00,9600.00,523.26
5000.00,9800.00,427.74
5000.00,10000.00,326.14
5200.00,-200.00,113.44
5200.00,0.00,151.74
5200.00,200.00,196.60
5200.00,400.00,242.48
5200.00,600.00,282.03
5200.00,800.00,309.39
5200.00,1000.00,321.61
5200.00,1200.00,318.02
5200.00,1400.00,299.63
5200.00,1600.00,269.74
5200.00,1800.00,234.56
5200.00,2000.00,201.85
5200.00,2200.00,177.48
5200.00,2400.00,163.60
5200.00,2600.00,159.33
5200.00,2800.00,162.35
5200.00,3000.00,170.04
5200.00,3200.00,180.09
5200.00,3400.00,190.82
5200.00,3600.00,201.28
5200.00,3800.00,211.06
5200.00,4000.00,220.15
5200.00,4200.00,228.73
5200.00,4400.00,237.16
5200.00,4600.00,246.06
5200.00,4800.00,256.45
5200.00,5000.00,270.18
5200.00,5200.00,290.37
5200.00,5400.00,321.82
5200.00,5600.00,370.68
5200.00,5800.00,441.85
5200.00,6000.00,532.28
5200.00,6200.00,626.06
5200.00,6400.00,703.84
5200.00,6600.00,757.24
5200.00,6800.00,788.92
5200.00,7000.00,805.18
5200.00,7200.00,811.55
5200.00,7400.00,811.88
5200.00,7600.00,808.54
5200.00,7800.00,802.83
5200.00,8000.00,795.29
5200.00,8200.00,785.99
5200.00,8400.00,774.67
5200.00,8600.00,760.66
5200.00,8800.00,742.71
5200.00,9000.00,718.68
5200.00,9200.00,685.11
5200.00,9400.00,636.95
5200.00,9600.00,568.37
5200.00,9800.00,476.96
5200.00,10000.00,371.17
5400.00,-200.00,85.68
5400.00,0.00,110.52
5400.00,200.00,139.36
5400.00,400.00,169.57
5400.00,600.00,196.98
5400.00,800.00,217.18
5400.00,1000.00,227.07
5400.00,1200.00,225.61
5400.00,1400.00,214.09
5400.00,1600.00,195.91
5400.00,1800.00,175.76
5400.00,2000.00,158.09
5400.00,2200.00,145.79
5400.00,2400.00,139.86
5400.00,2600.00,139.91
5400.00,2800.00,144.78
5400.00,3000.00,152.96
5400.00,3200.00,162.94
5400.00,3400.00,173.41
5400.00,3600.00,183.45
5400.00,3800.00,192.58
5400.00,4000.00,200.66
5400.00,4200.00,207.86
5400.00,4400.00,214.67
5400.00,4600.00,221.95
5400.00,4800.00,231.19
5400.00,5000.00,244.85
5400.00,5200.00,266.77
5400.00,5400.00,302.56
5400.00,5600.00,358.96
5400.00,5800.00,439.98
5400.00,6000.00,538.49
5400.00,6200.00,634.09
5400.00,6400.00,708.46
5400.00,6600.00,757.49
5400.00,6800.00,786.39
5400.00,7000.00,801.78
5400.00,7200.00,808.71
5400.00,7400.00,810.44
5400.00,7600.00,808.91
5400.00,7800.00,805.08
5400.00,8000.00,799.30
5400.00,8200.00,791.56
5400.00,8400.00,781.75
5400.00,8600.00,769.49
5400.00,8800.00,753.83
5400.00,9000.00,732.96
5400.00,9200.00,703.85
5400.00,9400.00,661.73
5400.00,9600.00,600.26
5400.00,9800.00,514.42
5400.00,10000.00,408.32
5600.00,-200.00,65.53
5600.00,0.00,81.58
5600.00,200.00,99.62
5600.00,400.00,118.28
5600.00,600.00,135.42
5600.00,800.00,148.63
5600.00,1000.00,156.02
5600.00,1200.00,156.96
5600.00,1400.00,152.29
5600.00,1600.00,144.11
5600.00,1800.00,135.06
5600.00,2000.00,127.49
5600.00,2200.00,122.94
5600.00,2400.00,122.07
5600.00,2600.00,124.82
5600.00,2800.00,130.67
5600.00,3000.00,138.78
5600.00,3200.00,148.20
5600.00,3400.00,157.96
5600.00,3600.00,167.28
5600.00,3800.00,175.68
5600.00,4000.00,182.97
5600.00,4200.00,189.32
5600.00,4400.00,195.30
5600.00,4600.00,201.98
5600.00,4800.00,211.14
5600.00,5000.00,225.58
5600.00,5200.00,249.58
5600.00,5400.00,289.30
5600.00,5600.00,351.85
5600.00,5800.00,440.11
5600.00,6000.00,543.33
5600.00,6200.00,638.59
5600.00,6400.00,709.60
5600.00,6600.00,755.45
5600.00,6800.00,782.63
5600.00,7000.00,797.69
5600.00,7200.00,805.25
5600.00,7400.00,808.20
5600.00,7600.00,808.21
5600.00,7800.00,806.05
5600.00,8000.00,801.70
5600.00,8200.00,794.93
5600.00,8400.00,785.93
5600.00,8600.00,774.67
5600.00,8800.00,760.41
5600.00,9000.00,741.55
5600.00,9200.00,715.33
5600.00,9400.00,677.27
5600.00,9600.00,620.97
5600.00,9800.00,540.05
5600.00,10000.00,435.43
5800.00,-200.00,51.28
5800.00,0.00,62.00
5800.00,200.00,73.64
5800.00,400.00,85.46
5800.00,600.00,96.37
5800.00,800.00,105.20
5800.00,1000.00,111.03
5800.00,1200.00,113.58
5800.00,1400.00,113.32
5800.00,1600.00,111.32
5800.00,1800.00,108.94
5800.00,2000.00,107.40
5800.00,2200.00,107.58
5800.00,2400.00,109.93
5800.00,2600.00,114.49
5800.00,2800.00,121.02
5800.00,3000.00,129.03
5800.00,3200.00,137.89
5800.00,3400.00,146.92
5800.00,3600.00,155.50
5800.00,3800.00,163.20
5800.00,4000.00,169.86
5800.00,4200.00,175.68
5800.00,4400.00,181.27
5800.00,4600.00,187.80
5800.00,4800.00,197.18
5800.00,5000.00,212.36
5800.00,5200.00,237.87
5800.00,5400.00,280.20
5800.00,5600.00,346.64
5800.00,5800.00,439.13
5800.00,6000.00,544.57
5800.00,6200.00,638.95
5800.00,6400.00,707.69
5800.00,6600.00,751.72
5800.00,6800.00,778.08
5800.00,7000.00,793.18
5800.00,7200.00,801.36
5800.00,7400.00,805.31
5800.00,7600.00,806.64
5800.00,7800.00,806.11
5800.00,8000.00,803.23
5800.00,8200.00,796.72
5800.00,8400.00,787.83
5800.00,8600.00,777.03
5800.00,8800.00,763.56
5800.00,9000.00,745.85
5800.00,9200.00,721.28
5800.00,9400.00,685.56
5800.00,9600.00,632.37
5800.00,9800.00,554.71
5800.00,10000.00,451.64
6000.00,-200.00,41.26
6000.00,0.00,48.84
6000.00,200.00,56.88
6000.00,400.00,64.96
6000.00,600.00,72.54
6000.00,800.00,79.08
6000.00,1000.00,84.17
6000.00,1200.00,87.71
6000.00,1400.00,89.97
6000.00,1600.00,91.50
6000.00,1800.00,92.99
6000.00,2000.00,95.11
6000.00,2200.00,98.35
6000.00,2400.00,102.99
6000.00,2600.00,109.09
6000.00,2800.00,116.46
6000.00,3000.00,124.79
6000.00,3200.00,133.58
6000.00,3400.00,142.31
6000.00,3600.00,150.49
6000.00,3800.00,157.74
6000.00,4000.00,163.95
6000.00,4200.00,169.34
6000.00,4400.00,174.55
6000.00,4600.00,180.78
6000.00,4800.00,189.96
6000.00,5000.00,205.09
6000.00,5200.00,230.79
6000.00,5400.00,273.66
6000.00,5600.00,341.09
6000.00,5800.00,434.68
6000.00,6000.00,540.56
6000.00,6200.00,634.47
6000.00,6400.00,702.48
6000.00,6600.00,746.10
6000.00,6800.00,772.49
6000.00,7000.00,787.97
6000.00,7200.00,796.77
6000.00,7400.00,801.50
6000.00,7600.00,803.75
6000.00,7800.00,804.48
6000.00,8000.00,804.31
6000.00,8200.00,796.29
6000.00,8400.00,787.33
6000.00,8600.00,776.81
6000.00,8800.00,763.74
6000.00,9000.00,746.54
6000.00,9200.00,722.61
6000.00,9400.00,687.75
6000.00,9600.00,635.66
6000.00,9800.00,559.17
6000.00,10000.00,456.79
6200.00,-200.00,34.20
6200.00,0.00,39.94
6200.00,200.00,45.96
6200.00,400.00,52.05
6200.00,600.00,57.94
6200.00,800.00,63.39
6200.00,1000.00,68.25
6200.00,1200.00,72.50
6200.00,1400.00,76.32
6200.00,1600.00,80.03
6200.00,1800.00,84.01
6200.00,2000.00,88.66
6200.00,2200.00,94.25
6200.00,2400.00,100.95
6200.00,2600.00,108.76
6200.00,2800.00,117.52
6200.00,3000.00,126.89
6200.00,3200.00,136.45
6200.00,3400.00,145.68
6200.00,3600.00,154.10
6200.00,3800.00,161.35
6200.00,4000.00,167.32
6200.00,4200.00,172.22
6200.00,4400.00,176.71
6200.00,4600.00,182.01
6200.00,4800.00,190.05
6200.00,5000.00,203.83
6200.00,5200.00,227.91
6200.00,5400.00,268.83
6200.00,5600.00,333.99
6200.00,5800.00,425.44
6200.00,6000.00,530.19
6200.00,6200.00,624.32
6200.00,6400.00,693.27
6200.00,6600.00,737.92
6200.00,6800.00,765.25
6200.00,7000.00,781.54
6200.00,7200.00,791.05
6200.00,7400.00,796.35
6200.00,7600.00,798.98
6200.00,7800.00,799.65
6200.00,8000.00,797.84
6200.00,8200.00,792.25
6200.00,8400.00,784.14
6200.00,8600.00,774.00
6200.00,8800.00,761.08
6200.00,9000.00,743.82
6200.00,9200.00,719.61
6200.00,9400.00,684.19
6200.00,9600.00,631.24
6200.00,9800.00,553.77
6200.00,10000.00,450.87
6400.00,-200.00,29.19
6400.00,0.00,33.85
6400.00,200.00,38.76
6400.00,400.00,43.81
6400.00,600.00,48.89
6400.00,800.00,53.92
6400.00,1000.00,58.85
6400.00,1200.00,63.75
6400.00,1400.00,68.76
6400.00,1600.00,74.10
6400.00,1800.00,80.05
6400.00,2000.00,86.86
6400.00,2200.00,94.73
6400.00,2400.00,103.74
6400.00,2600.00,113.84
6400.00,2800.00,124.83
6400.00,3000.00,136.31
6400.00,3200.00,147.75
6400.00,3400.00,158.55
6400.00,3600.00,168.10
6400.00,3800.00,175.95
6400.00,4000.00,181.90
6400.00,4200.00,186.14
6400.00,4400.00,189.34
6400.00,4600.00,192.76
6400.00,4800.00,198.36
6400.00,5000.00,209.14
6400.00,5200.00,229.53
6400.00,5400.00,265.81
6400.00,5600.00,325.31
6400.00,5800.00,411.13
6400.00,6000.00,512.76
6400.00,6200.00,607.44
6400.00,6400.00,678.89
6400.00,6600.00,726.13
6400.00,6800.00,755.44
6400.00,7000.00,773.14
6400.00,7200.00,783.60
6400.00,7400.00,789.49
6400.00,7600.00,792.31
6400.00,7800.00,792.71
6400.00,8000.00,790.62
6400.00,8200.00,785.80
6400.00,8400.00,778.44
6400.00,8600.00,768.54
6400.00,8800.00,755.40
6400.00,9000.00,737.45
6400.00,9200.00,711.97
6400.00,9400.00,674.52
6400.00,9600.00,618.71
6400.00,9800.00,538.19
6400.00,10000.00,433.88
6600.00,-200.00,25.62
6600.00,0.00,29.66
6600.00,200.00,33.97
6600.00,400.00,38.52
6600.00,600.00,43.28
6600.00,800.00,48.26
6600.00,1000.00,53.49
6600.00,1200.00,59.10
6600.00,1400.00,65.23
6600.00,1600.00,72.11
6600.00,1800.00,79.99
6600.00,2000.00,89.08
6600.00,2200.00,99.59
6600.00,2400.00,111.57
6600.00,2600.00,124.93
6600.00,2800.00,139.37
6600.00,3000.00,154.35
6600.00,3200.00,169.13
6600.00,3400.00,182.84
6600.00,3600.00,194.61
6600.00,3800.00,203.76
6600.00,4000.00,209.95
6600.00,4200.00,213.28
6600.00,4400.00,214.46
6600.00,4600.00,214.81
6600.00,4800.00,216.41
6600.00,5000.00,222.28
6600.00,5200.00,236.70
6600.00,5400.00,265.62
6600.00,5600.00,316.11
6600.00,5800.00,392.54
6600.00,6000.00,488.08
6600.00,6200.00,582.57
6600.00,6400.00,657.67
6600.00,6600.00,709.10
6600.00,6800.00,741.72
6600.00,7000.00,761.70
6600.00,7200.00,773.63
6600.00,7400.00,780.37
6600.00,7600.00,783.57
6600.00,7800.00,784.01
6600.00,8000.00,781.95
6600.00,8200.00,777.36
6600.00,8400.00,770.18
6600.00,8600.00,760.08
6600.00,8800.00,746.18
6600.00,9000.00,726.73
6600.00,9200.00,698.77
6600.00,9400.00,657.58
6600.00,9600.00,596.86
6600.00,9800.00,511.61
6600.00,10000.00,406.01
6800.00,-200.00,23.07
6800.00,0.00,26.78
6800.00,200.00,30.80
6800.00,400.00,35.15
6800.00,600.00,39.89
6800.00,800.00,45.06
6800.00,1000.00,50.79
6800.00,1200.00,57.23
6800.00,1400.00,64.60
6800.00,1600.00,73.16
6800.00,1800.00,83.22
6800.00,2000.00,95.07
6800.00,2200.00,108.93
6800.00,2400.00,124.93
6800.00,2600.00,142.91
6800.00,2800.00,162.42
6800.00,3000.00,182.67
6800.00,3200.00,202.52
6800.00,3400.00,220.65
6800.00,3600.00,235.81
6800.00,3800.00,246.99
6800.00,4000.00,253.65
6800.00,4200.00,255.82
6800.00,4400.00,254.21
6800.00,4600.00,250.23
6800.00,4800.00,246.12
6800.00,5000.00,245.00
6800.00,5200.00,251.11
6800.00,5400.00,270.00
6800.00,5600.00,308.38
6800.00,5800.00,371.57
6800.00,6000.00,456.90
6800.00,6200.00,548.66
6800.00,6400.00,627.45
6800.00,6600.00,684.55
6800.00,6800.00,722.06
6800.00,7000.00,745.55
6800.00,7200.00,759.79
6800.00,7400.00,767.95
6800.00,7600.00,771.93
6800.00,7800.00,772.73
6800.00,8000.00,770.78
6800.00,8200.00,766.15
6800.00,8400.00,758.66
6800.00,8600.00,747.75
6800.00,8800.00,732.29
6800.00,9000.00,710.25
6800.00,9200.00,678.27
6800.00,9400.00,631.38
6800.00,9600.00,563.81
6800.00,9800.00,473.22
6800.00,10000.00,368.09
7000.00,-200.00,21.25
7000.00,0.00,24.80
7000.00,200.00,28.72
7000.00,400.00,33.09
7000.00,600.00,37.99
7000.00,800.00,43.54
7000.00,1000.00,49.92
7000.00,1200.00,57.36
7000.00,1400.00,66.17
7000.00,1600.00,76.73
7000.00,1800.00,89.44
7000.00,2000.00,104.76
7000.00,2200.00,123.03
7000.00,2400.00,144.43
7000.00,2600.00,168.75
7000.00,2800.00,195.25
7000.00,3000.00,222.65
7000.00,3200.00,249.18
7000.00,3400.00,272.94
7000.00,3600.00,292.24
7000.00,3800.00,305.83
7000.00,4000.00,313.08
7000.00,4200.00,313.96
7000.00,4400.00,309.13
7000.00,4600.00,300.01
7000.00,4800.00,288.87
7000.00,5000.00,278.96
7000.00,5200.00,274.57
7000.00,5400.00,281.03
7000.00,5600.00,304.62
7000.00,5800.00,351.12
7000.00,6000.00,421.43
7000.00,6200.00,505.67
7000.00,6400.00,586.01
7000.00,6600.00,649.37
7000.00,6800.00,693.46
7000.00,7000.00,722.10
7000.00,7200.00,739.90
7000.00,7400.00,750.37
7000.00,7600.00,755.73
7000.00,7800.00,757.24
7000.00,8000.00,755.48
7000.00,8200.00,750.58
7000.00,8400.00,742.27
7000.00,8600.00,729.79
7000.00,8800.00,711.70
7000.00,9000.00,685.58
7000.00,9200.00,647.67
7000.00,9400.00,593.05
7000.00,9600.00,517.55
7000.00,9800.00,423.07
7000.00,10000.00,322.30
7200.00,-200.00,19.96
7200.00,0.00,23.46
7200.00,200.00,27.42
7200.00,400.00,31.93
7200.00,600.00,37.12
7200.00,800.00,43.19
7200.00,1000.00,50.37
7200.00,1200.00,59.01
7200.00,1400.00,69.53
7200.00,1600.00,82.48
7200.00,1800.00,98.47
7200.00,2000.00,118.18
7200.00,2200.00,142.14
7200.00,2400.00,170.58
7200.00,2600.00,203.06
7200.00,2800.00,238.28
7200.00,3000.00,274.08
7200.00,3200.00,307.87
7200.00,3400.00,337.18
7200.00,3600.00,360.15
7200.00,3800.00,375.69
7200.00,4000.00,383.32
7200.00,4200.00,383.09
7200.00,4400.00,375.51
7200.00,4600.00,361.68
7200.00,4800.00,343.56
7200.00,5000.00,324.24
7200.00,5200.00,308.05
7200.00,5400.00,300.36
7200.00,5600.00,307.23
7200.00,5800.00,334.53
7200.00,6000.00,385.44
7200.00,6200.00,455.81
7200.00,6400.00,532.44
7200.00,6600.00,600.33
7200.00,6800.00,651.90
7200.00,7000.00,687.45
7200.00,7200.00,710.50
7200.00,7400.00,724.56
7200.00,7600.00,732.16
7200.00,7800.00,734.86
7200.00,8000.00,733.42
7200.00,8200.00,728.02
7200.00,8400.00,718.29
7200.00,8600.00,703.24
7200.00,8800.00,681.08
7200.00,9000.00,649.00
7200.00,9200.00,603.12
7200.00,9400.00,539.49
7200.00,9600.00,457.27
7200.00,9800.00,363.44
7200.00,10000.00,272.35
7400.00,-200.00,19.04
7400.00,0.00,22.58
7400.00,200.00,26.65
7400.00,400.00,31.39
7400.00,600.00,36.97
7400.00,800.00,43.66
7400.00,1000.00,51.78
7400.00,1200.00,61.81
7400.00,1400.00,74.33
7400.00,1600.00,90.13
7400.00,1800.00,110.11
7400.00,2000.00,135.24
7400.00,2200.00,166.26
7400.00,2400.00,203.28
7400.00,2600.00,245.29
7400.00,2800.00,289.88
7400.00,3000.00,333.67
7400.00,3200.00,373.25
7400.00,3400.00,406.07
7400.00,3600.00,430.76
7400.00,3800.00,446.86
7400.00,4000.00,454.39
7400.00,4200.00,453.54
7400.00,4400.00,444.59
7400.00,4600.00,428.02
7400.00,4800.00,404.98
7400.00,5000.00,377.81
7400.00,5200.00,350.43
7400.00,5400.00,328.30
7400.00,5600.00,317.69
7400.00,5800.00,324.65
7400.00,6000.00,353.47
7400.00,6200.00,404.06
7400.00,6400.00,469.14
7400.00,6600.00,535.94
7400.00,6800.00,593.27
7400.00,7000.00,636.55
7400.00,7200.00,666.48
7400.00,7400.00,685.70
7400.00,7600.00,696.72
7400.00,7800.00,701.30
7400.00,8000.00,700.38
7400.00,8200.00,694.19
7400.00,8400.00,682.25
7400.00,8600.00,663.36
7400.00,8800.00,635.44
7400.00,9000.00,595.59
7400.00,9200.00,540.68
7400.00,9400.00,469.40
7400.00,9600.00,385.56
7400.00,9800.00,299.43
7400.00,10000.00,222.84
7600.00,-200.00,18.39
7600.00,0.00,22.01
7600.00,200.00,26.25
7600.00,400.00,31.27
7600.00,600.00,37.31
7600.00,800.00,44.70
7600.00,1000.00,53.87
7600.00,1200.00,65.45
7600.00,1400.00,80.26
7600.00,1600.00,99.36
7600.00,1800.00,124.03
7600.00,2000.00,155.55
7600.00,2200.00,194.78
7600.00,2400.00,241.36
7600.00,2600.00,293.05
7600.00,2800.00,345.78
7600.00,3000.00,394.98
7600.00,3200.00,437.06
7600.00,3400.00,470.25
7600.00,3600.00,494.24
7600.00,3800.00,509.45
7600.00,4000.00,516.40
7600.00,4200.00,515.43
7600.00,4400.00,506.58
7600.00,4600.00,489.73
7600.00,4800.00,465.00
7600.00,5000.00,433.41
7600.00,5200.00,397.75
7600.00,5400.00,363.03
7600.00,5600.00,335.87
7600.00,5800.00,322.92
7600.00,6000.00,329.24
7600.00,6200.00,356.84
7600.00,6400.00,403.03
7600.00,6600.00,459.80
7600.00,6800.00,516.56
7600.00,7000.00,565.08
7600.00,7200.00,601.97
7600.00,7400.00,627.39
7600.00,7600.00,642.94
7600.00,7800.00,650.16
7600.00,8000.00,650.01
7600.00,8200.00,642.73
7600.00,8400.00,627.78
7600.00,8600.00,603.85
7600.00,8800.00,569.02
7600.00,9000.00,521.19
7600.00,9200.00,459.54
7600.00,9400.00,386.63
7600.00,9600.00,309.59
7600.00,9800.00,237.75
7600.00,10000.00,177.84
7800.00,-200.00,17.91
7800.00,0.00,21.65
7800.00,200.00,26.08
7800.00,400.00,31.41
7800.00,600.00,37.94
7800.00,800.00,46.07
7800.00,1000.00,56.37
7800.00,1200.00,69.64
7800.00,1400.00,86.94
7800.00,1600.00,109.71
7800.00,1800.00,139.62
7800.00,2000.00,178.25
7800.00,2200.00,226.27
7800.00,2400.00,282.28
7800.00,2600.00,342.14
7800.00,2800.00,400.06
7800.00,3000.00,450.95
7800.00,3200.00,492.13
7800.00,3400.00,523.20
7800.00,3600.00,544.98
7800.00,3800.00,558.54
7800.00,4000.00,564.70
7800.00,4200.00,563.86
7800.00,4400.00,555.91
7800.00,4600.00,540.36
7800.00,4800.00,516.54
7800.00,5000.00,484.15
7800.00,5200.00,444.31
7800.00,5400.00,400.68
7800.00,5600.00,359.68
7800.00,5800.00,328.84
7800.00,6000.00,314.28
7800.00,6200.00,319.13
7800.00,6400.00,343.03
7800.00,6600.00,381.90
7800.00,6800.00,428.52
7800.00,7000.00,474.78
7800.00,7200.00,514.48
7800.00,7400.00,544.57
7800.00,7600.00,564.41
7800.00,7800.00,574.43
7800.00,8000.00,575.14
7800.00,8200.00,566.65
7800.00,8400.00,548.48
7800.00,8600.00,519.72
7800.00,8800.00,479.46
7800.00,9000.00,427.71
7800.00,9200.00,366.67
7800.00,9400.00,301.44
7800.00,9600.00,238.69
7800.00,9800.00,183.97
7800.00,10000.00,139.74
8000.00,-200.00,17.55
8000.00,0.00,21.40
8000.00,200.00,26.03
8000.00,400.00,31.68
8000.00,600.00,38.71
8000.00,800.00,47.59
8000.00,1000.00,59.03
8000.00,1200.00,74.02
8000.00,1400.00,93.93
8000.00,1600.00,120.55
8000.00,1800.00,155.97
8000.00,2000.00,201.92
8000.00,2200.00,258.48
8000.00,2400.00,322.56
8000.00,2600.00,387.88
8000.00,2800.00,447.53
8000.00,3000.00,497.05
8000.00,3200.00,535.32
8000.00,3400.00,563.28
8000.00,3600.00,582.52
8000.00,3800.00,594.41
8000.00,4000.00,599.82
8000.00,4200.00,599.10
8000.00,4400.00,592.14
8000.00,4600.00,578.29
8000.00,4800.00,556.51
8000.00,5000.00,525.57
8000.00,5200.00,485.00
8000.00,5400.00,436.61
8000.00,5600.00,385.69
8000.00,5800.00,340.21
8000.00,6000.00,307.73
8000.00,6200.00,292.54
8000.00,6400.00,295.28
8000.00,6600.00,313.66
8000.00,6800.00,343.23
8000.00,7000.00,378.12
8000.00,7200.00,412.37
8000.00,7400.00,441.28
8000.00,7600.00,461.99
8000.00,7800.00,473.14
8000.00,8000.00,474.23
8000.00,8200.00,465.00
8000.00,8400.00,445.29
8000.00,8600.00,415.12
8000.00,8800.00,375.27
8000.00,9000.00,327.83
8000.00,9200.00,276.45
8000.00,9400.00,225.69
8000.00,9600.00,179.61
8000.00,9800.00,140.57
8000.00,10000.00,109.09
8200.00,-200.00,17.23
8200.00,0.00,21.20
8200.00,200.00,26.02
8200.00,400.00,31.97
8200.00,600.00,39.45
8200.00,800.00,49.04
8200.00,1000.00,61.57
8200.00,1200.00,78.23
8200.00,1400.00,100.68
8200.00,1600.00,131.09
8200.00,1800.00,171.89
8200.00,2000.00,224.75
8200.00,2200.00,288.73
8200.00,2400.00,358.71
8200.00,2600.00,426.61
8200.00,2800.00,485.41
8200.00,3000.00,532.05
8200.00,3200.00,566.94
8200.00,3400.00,591.98
8200.00,3600.00,609.12
8200.00,3800.00,619.71
8200.00,4000.00,624.53
8200.00,4200.00,623.83
8200.00,4400.00,617.53
8200.00,4600.00,605.05
8200.00,4800.00,585.25
8200.00,5000.00,556.43
8200.00,5200.00,517.04
8200.00,5400.00,467.09
8200.00,5600.00,410.15
8200.00,5800.00,353.88
8200.00,6000.00,307.08
8200.00,6200.00,275.60
8200.00,6400.00,260.85
8200.00,6600.00,261.12
8200.00,6800.00,273.04
8200.00,7000.00,292.42
8200.00,7200.00,314.72
8200.00,7400.00,335.69
8200.00,7600.00,351.84
8200.00,7800.00,360.79
8200.00,8000.00,361.15
8200.00,8200.00,352.33
8200.00,8400.00,334.43
8200.00,8600.00,308.31
8200.00,8800.00,275.67
8200.00,9000.00,239.07
8200.00,9200.00,201.55
8200.00,9400.00,165.92
8200.00,9600.00,134.19
8200.00,9800.00,107.27
8200.00,10000.00,85.20
8400.00,-200.00,16.92
8400.00,0.00,20.98
8400.00,200.00,25.96
8400.00,400.00,32.16
8400.00,600.00,40.04
8400.00,800.00,50.25
8400.00,1000.00,63.73
8400.00,1200.00,81.87
8400.00,1400.00,106.60
8400.00,1600.00,140.42
8400.00,1800.00,186.00
8400.00,2000.00,244.74
8400.00,2200.00,314.45
8400.00,2400.00,388.09
8400.00,2600.00,456.47
8400.00,2800.00,513.23
8400.00,3000.00,556.82
8400.00,3200.00,588.82
8400.00,3400.00,611.68
8400.00,3600.00,627.43
8400.00,3800.00,637.31
8400.00,4000.00,641.77
8400.00,4200.00,640.91
8400.00,4400.00,634.77
8400.00,4600.00,623.01
8400.00,4800.00,604.58
8400.00,5000.00,577.62
8400.00,5200.00,539.89
8400.00,5400.00,490.09
8400.00,5600.00,430.08
8400.00,5800.00,366.57
8400.00,6000.00,309.15
8400.00,6200.00,265.23
8400.00,6400.00,237.23
8400.00,6600.00,223.70
8400.00,6800.00,221.53
8400.00,7000.00,227.15
8400.00,7200.00,237.04
8400.00,7400.00,247.86
8400.00,7600.00,256.71
8400.00,7800.00,261.31
8400.00,8000.00,260.15
8400.00,8200.00,252.57
8400.00,8400.00,238.70
8400.00,8600.00,219.45
8400.00,8800.00,196.31
8400.00,9000.00,171.17
8400.00,9200.00,145.93
8400.00,9400.00,122.13
8400.00,9600.00,100.79
8400.00,9800.00,82.37
8400.00,10000.00,66.87
8600.00,-200.00,16.57
8600.00,0.00,20.70
8600.00,200.00,25.79
8600.00,400.00,32.18
8600.00,600.00,40.36
8600.00,800.00,51.04
8600.00,1000.00,65.27
8600.00,1200.00,84.57
8600.00,1400.00,111.11
8600.00,1600.00,147.64
8600.00,1800.00,196.96
8600.00,2000.00,260.10
8600.00,2200.00,333.70
8600.00,2400.00,409.23
8600.00,2600.00,477.06
8600.00,2800.00,531.72
8600.00,3000.00,572.87
8600.00,3200.00,602.83
8600.00,3400.00,624.34
8600.00,3600.00,639.51
8600.00,3800.00,649.38
8600.00,4000.00,653.84
8600.00,4200.00,652.51
8600.00,4400.00,645.88
8600.00,4600.00,634.14
8600.00,4800.00,616.37
8600.00,5000.00,590.58
8600.00,5200.00,554.19
8600.00,5400.00,505.02
8600.00,5600.00,443.62
8600.00,5800.00,375.64
8600.00,6000.00,310.92
8600.00,6200.00,258.12
8600.00,6400.00,220.73
8600.00,6600.00,197.60
8600.00,6800.00,185.64
8600.00,7000.00,181.48
8600.00,7200.00,182.05
8600.00,7400.00,184.70
8600.00,7600.00,187.18
8600.00,7800.00,187.72
8600.00,8000.00,185.12
8600.00,8200.00,178.78
8600.00,8400.00,168.73
8600.00,8600.00,155.52
8600.00,8800.00,140.07
8600.00,9000.00,123.50
8600.00,9200.00,106.89
8600.00,9400.00,91.07
8600.00,9600.00,76.64
8600.00,9800.00,63.88
8600.00,10000.00,52.85
8800.00,-200.00,16.15
8800.00,0.00,20.31
8800.00,200.00,25.46
8800.00,400.00,31.96
8800.00,600.00,40.32
8800.00,800.00,51.29
8800.00,1000.00,65.98
8800.00,1200.00,86.02
8800.00,1400.00,113.71
8800.00,1600.00,151.97
8800.00,1800.00,203.65
8800.00,2000.00,269.49
8800.00,2200.00,345.26
8800.00,2400.00,421.56
8800.00,2600.00,488.69
8800.00,2800.00,541.87
8800.00,3000.00,581.48
8800.00,3200.00,610.27
8800.00,3400.00,631.14
8800.00,3600.00,646.34
8800.00,3800.00,657.08
8800.00,4000.00,662.38
8800.00,4200.00,659.80
8800.00,4400.00,651.85
8800.00,4600.00,639.59
8800.00,4800.00,621.88
8800.00,5000.00,596.57
8800.00,5200.00,560.82
8800.00,5400.00,512.01
8800.00,5600.00,449.86
8800.00,5800.00,379.24
8800.00,6000.00,309.95
8800.00,6200.00,251.46
8800.00,6400.00,207.99
8800.00,6600.00,178.70
8800.00,6800.00,160.53
8800.00,7000.00,150.16
8800.00,7200.00,144.78
8800.00,7400.00,142.10
8800.00,7600.00,140.33
8800.00,7800.00,138.12
8800.00,8000.00,134.54
8800.00,8200.00,129.08
8800.00,8400.00,121.65
8800.00,8600.00,112.50
8800.00,8800.00,102.09
8800.00,9000.00,91.03
8800.00,9200.00,79.88
8800.00,9400.00,69.14
8800.00,9600.00,59.15
8800.00,9800.00,50.10
8800.00,10000.00,42.08
9000.00,-200.00,15.64
9000.00,0.00,19.78
9000.00,200.00,24.93
9000.00,400.00,31.45
9000.00,600.00,39.84
9000.00,800.00,50.89
9000.00,1000.00,65.71
9000.00,1200.00,85.99
9000.00,1400.00,114.05
9000.00,1600.00,152.88
9000.00,1800.00,205.35
9000.00,2000.00,272.06
9000.00,2200.00,348.50
9000.00,2400.00,424.97
9000.00,2600.00,491.77
9000.00,2800.00,544.39
9000.00,3000.00,583.44
9000.00,3200.00,611.80
9000.00,3400.00,632.45
9000.00,3600.00,647.75
9000.00,3800.00,659.38
9000.00,4000.00,668.48
9000.00,4200.00,661.74
9000.00,4400.00,652.52
9000.00,4600.00,639.74
9000.00,4800.00,621.76
9000.00,5000.00,596.29
9000.00,5200.00,560.40
9000.00,5400.00,511.28
9000.00,5600.00,448.37
9000.00,5800.00,376.23
9000.00,6000.00,304.60
9000.00,6200.00,243.20
9000.00,6400.00,196.50
9000.00,6600.00,163.81
9000.00,6800.00,142.11
9000.00,7000.00,128.15
9000.00,7200.00,119.29
9000.00,7400.00,113.49
9000.00,7600.00,109.22
9000.00,7800.00,105.39
9000.00,8000.00,101.25
9000.00,8200.00,96.35
9000.00,8400.00,90.54
9000.00,8600.00,83.86
9000.00,8800.00,76.52
9000.00,9000.00,68.81
9000.00,9200.00,61.03
9000.00,9400.00,53.47
9000.00,9600.00,46.32
9000.00,9800.00,39.72
9000.00,10000.00,33.74
9200.00,-200.00,15.02
9200.00,0.00,19.11
9200.00,200.00,24.19
9200.00,400.00,30.62
9200.00,600.00,38.91
9200.00,800.00,49.80
9200.00,1000.00,64.42
9200.00,1200.00,84.39
9200.00,1400.00,112.00
9200.00,1600.00,150.19
9200.00,1800.00,201.79
9200.00,2000.00,267.54
9200.00,2200.00,343.23
9200.00,2400.00,419.43
9200.00,2600.00,486.45
9200.00,2800.00,539.51
9200.00,3000.00,578.99
9200.00,3200.00,607.62
9200.00,3400.00,628.31
9200.00,3600.00,643.30
9200.00,3800.00,653.78
9200.00,4000.00,658.78
9200.00,4200.00,655.83
9200.00,4400.00,647.42
9200.00,4600.00,634.59
9200.00,4800.00,616.17
9200.00,5000.00,589.95
9200.00,5200.00,553.08
9200.00,5400.00,502.83
9200.00,5600.00,438.89
9200.00,5800.00,366.03
9200.00,6000.00,293.97
9200.00,6200.00,232.13
9200.00,6400.00,184.67
9200.00,6600.00,150.80
9200.00,6800.00,127.55
9200.00,7000.00,111.84
9200.00,7200.00,101.16
9200.00,7400.00,93.68
9200.00,7600.00,88.07
9200.00,7800.00,83.38
9200.00,8000.00,78.97
9200.00,8200.00,74.46
9200.00,8400.00,69.63
9200.00,8600.00,64.44
9200.00,8800.00,58.95
9200.00,9000.00,53.28
9200.00,9200.00,47.60
9200.00,9400.00,42.05
9200.00,9600.00,36.74
9200.00,9800.00,31.78
9200.00,10000.00,27.20
9400.00,-200.00,14.30
9400.00,0.00,18.29
9400.00,200.00,23.24
9400.00,400.00,29.48
9400.00,600.00,37.52
9400.00,800.00,48.05
9400.00,1000.00,62.13
9400.00,1200.00,81.29
9400.00,1400.00,107.67
9400.00,1600.00,144.05
9400.00,1800.00,193.21
9400.00,2000.00,256.19
9400.00,2200.00,329.61
9400.00,2400.00,404.94
9400.00,2600.00,472.55
9400.00,2800.00,526.97
9400.00,3000.00,567.85
9400.00,3200.00,597.50
9400.00,3400.00,618.65
9400.00,3600.00,633.39
9400.00,3800.00,642.75
9400.00,4000.00,646.60
9400.00,4200.00,644.52
9400.00,4400.00,636.96
9400.00,4600.00,624.07
9400.00,4800.00,604.84
9400.00,5000.00,577.22
9400.00,5200.00,538.49
9400.00,5400.00,486.36
9400.00,5600.00,421.20
9400.00,5800.00,348.49
9400.00,6000.00,277.85
9400.00,6200.00,217.81
9400.00,6400.00,171.70
9400.00,6600.00,138.43
9400.00,6800.00,115.12
9400.00,7000.00,98.92
9400.00,7200.00,87.53
9400.00,7400.00,79.31
9400.00,7600.00,73.07
9400.00,7800.00,68.00
9400.00,8000.00,63.53
9400.00,8200.00,59.31
9400.00,8400.00,55.12
9400.00,8600.00,50.86
9400.00,8800.00,46.52
9400.00,9000.00,42.14
9400.00,9200.00,37.78
9400.00,9400.00,33.53
9400.00,9600.00,29.45
9400.00,9800.00,25.60
9400.00,10000.00,22.00
9600.00,-200.00,13.48
9600.00,0.00,17.32
9600.00,200.00,22.07
9600.00,400.00,28.05
9600.00,600.00,35.71
9600.00,800.00,45.69
9600.00,1000.00,58.95
9600.00,1200.00,76.86
9600.00,1400.00,101.36
9600.00,1600.00,134.96
9600.00,1800.00,180.29
9600.00,2000.00,238.78
9600.00,2200.00,308.22
9600.00,2400.00,381.57
9600.00,2600.00,449.62
9600.00,2800.00,506.02
9600.00,3000.00,549.20
9600.00,3200.00,580.74
9600.00,3400.00,603.05
9600.00,3600.00,618.16
9600.00,3800.00,627.27
9600.00,4000.00,630.80
9600.00,4200.00,628.81
9600.00,4400.00,621.25
9600.00,4600.00,607.72
9600.00,4800.00,587.05
9600.00,5000.00,557.22
9600.00,5200.00,515.83
9600.00,5400.00,461.31
9600.00,5600.00,395.23
9600.00,5800.00,323.97
9600.00,6000.00,256.69
9600.00,6200.00,200.45
9600.00,6400.00,157.41
9600.00,6600.00,126.11
9600.00,6800.00,103.84
9600.00,7000.00,88.04
9600.00,7200.00,76.69
9600.00,7400.00,68.33
9600.00,7600.00,61.93
9600.00,7800.00,56.77
9600.00,8000.00,52.38
9600.00,8200.00,48.41
9600.00,8400.00,44.66
9600.00,8600.00,41.02
9600.00,8800.00,37.43
9600.00,9000.00,33.89
9600.00,9200.00,30.42
9600.00,9400.00,27.04
9600.00,9600.00,23.79
9600.00,9800.00,20.71
9600.00,10000.00,17.82
9800.00,-200.00,12.55
9800.00,0.00,16.21
9800.00,200.00,20.72
9800.00,400.00,26.36
9800.00,600.00,33.54
9800.00,800.00,42.82
9800.00,1000.00,55.05
9800.00,1200.00,71.40
9800.00,1400.00,93.55
9800.00,1600.00,123.65
9800.00,1800.00,164.13
9800.00,2000.00,216.65
9800.00,2200.00,280.26
9800.00,2400.00,349.85
9800.00,2600.00,417.32
9800.00,2800.00,475.63
9800.00,3000.00,521.72
9800.00,3200.00,555.99
9800.00,3400.00,580.30
9800.00,3600.00,596.57
9800.00,3800.00,606.13
9800.00,4000.00,609.70
9800.00,4200.00,607.46
9800.00,4400.00,599.24
9800.00,4600.00,584.34
9800.00,4800.00,561.43
9800.00,5000.00,528.61
9800.00,5200.00,484.02
9800.00,5400.00,427.26
9800.00,5600.00,361.40
9800.00,5800.00,293.48
9800.00,6000.00,231.58
9800.00,6200.00,180.81
9800.00,6400.00,142.09
9800.00,6600.00,113.71
9800.00,6800.00,93.24
9800.00,7000.00,78.44
9800.00,7200.00,67.61
9800.00,7400.00,59.50
9800.00,7600.00,53.23
9800.00,7800.00,48.20
9800.00,8000.00,43.97
9800.00,8200.00,40.25
9800.00,8400.00,36.85
9800.00,8600.00,33.65
9800.00,8800.00,30.58
9800.00,9000.00,27.61
9800.00,9200.00,24.74
9800.00,9400.00,21.97
9800.00,9600.00,19.31
9800.00,9800.00,16.78
9800.00,10000.00,14.39
10000.00,-200.00,11.55
10000.00,0.00,15.00
10000.00,200.00,19.22
10000.00,400.00,24.47
10000.00,600.00,31.09
10000.00,800.00,39.58
10000.00,1000.00,50.63
10000.00,1200.00,65.24
10000.00,1400.00,84.76
10000.00,1600.00,110.99
10000.00,1800.00,146.01
10000.00,2000.00,191.53
10000.00,2200.00,247.64
10000.00,2400.00,311.22
10000.00,2600.00,375.99
10000.00,2800.00,435.03
10000.00,3000.00,483.86
10000.00,3200.00,521.33
10000.00,3400.00,548.37
10000.00,3600.00,566.52
10000.00,3800.00,577.11
10000.00,4000.00,580.94
10000.00,4200.00,578.27
10000.00,4400.00,568.84
10000.00,4600.00,551.87
10000.00,4800.00,526.03
10000.00,5000.00,489.79
10000.00,5200.00,442.21
10000.00,5400.00,384.47
10000.00,5600.00,321.03
10000.00,5800.00,258.80
10000.00,6000.00,204.07
10000.00,6200.00,159.93
10000.00,6400.00,126.29
10000.00,6600.00,101.39
10000.00,6800.00,83.14
10000.00,7000.00,69.71
10000.00,7200.00,59.71
10000.00,7400.00,52.10
10000.00,7600.00,46.16
10000.00,7800.00,41.37
10000.00,8000.00,37.37
10000.00,8200.00,33.90
10000.00,8400.00,30.80
10000.00,8600.00,27.94
10000.00,8800.00,25.25
10000.00,9000.00,22.70
10000.00,9200.00,20.26
10000.00,9400.00,17.92
10000.00,9600.00,15.68
10000.00,9800.00,13.56
10000.00,10000.00,11.55
